{"text": " Okay, liebe Freundinnen und Freunde, ich durfte mich gestern bereits vorstellen und m\u00f6chte euch jetzt eine Minute daran erinnern. Kreative L\u00f6sungen und Ideen werden gefordert, hei\u00dft es, praktische Ressourcen \u00fcbergreifende L\u00f6sungen gesucht. Menschen, die helfen wollen, unser Land gr\u00fcner wachsen zu lassen. Ich bin die Direktkandidatin des 54. Bergstreis. Die Direktkandidatin des 54. Wahlkreises der Bergstra\u00dfe. Mein Name ist Nierja Nitzga Becker und ich bin Kunstandwerkerin von Beruf. Und ich bin wirklich sehr aufgeregt. Das ist mein erster Partei, Tag. Dankesch\u00f6n. Ich bitte euch trotzdem um eure Stimmung. Generationengerechtigkeit ist mein Thema. An der Kinderbetreuung h\u00e4ngt mein Herz. Und Demokratie von Kindesbeinen an ist meine Triebfehler. Vielen Dank.", "segments": [{"id": 0, "seek": 0, "start": 0.0, "end": 6.6000000000000005, "text": " Okay, liebe Freundinnen und Freunde, ich durfte mich gestern bereits vorstellen und m\u00f6chte euch jetzt eine Minute daran erinnern.", "tokens": [1033, 11, 31623, 29685, 11399, 674, 40016, 11, 1893, 4861, 16268, 6031, 7219, 1248, 23703, 34346, 674, 14570, 10403, 4354, 3018, 33509, 24520, 1189, 19166, 77, 13], "temperature": 0.0, "avg_logprob": -0.26631773932505465, "compression_ratio": 1.5597014925373134, "no_speech_prob": 0.20971828699111938}, {"id": 1, "seek": 0, "start": 6.6000000000000005, "end": 14.1, "text": " Kreative L\u00f6sungen und Ideen werden gefordert, hei\u00dft es, praktische Ressourcen \u00fcbergreifende L\u00f6sungen gesucht.", "tokens": [591, 620, 488, 34642, 5084, 674, 13090, 268, 4604, 1519, 7404, 911, 11, 13139, 785, 11, 33721, 7864, 497, 442, 396, 13037, 4502, 33248, 351, 5445, 34642, 5084, 5019, 10084, 13], "temperature": 0.0, "avg_logprob": -0.26631773932505465, "compression_ratio": 1.5597014925373134, "no_speech_prob": 0.20971828699111938}, {"id": 2, "seek": 0, "start": 14.1, "end": 18.1, "text": " Menschen, die helfen wollen, unser Land gr\u00fcner wachsen zu lassen.", "tokens": [8397, 11, 978, 29966, 11253, 11, 12977, 6607, 677, 774, 1193, 261, 31625, 2164, 16168, 13], "temperature": 0.0, "avg_logprob": -0.26631773932505465, "compression_ratio": 1.5597014925373134, "no_speech_prob": 0.20971828699111938}, {"id": 3, "seek": 0, "start": 18.1, "end": 22.2, "text": " Ich bin die Direktkandidatin des 54. Bergstreis.", "tokens": [3141, 5171, 978, 5822, 2320, 74, 48810, 22685, 730, 20793, 13, 27511, 26421, 271, 13], "temperature": 0.0, "avg_logprob": -0.26631773932505465, "compression_ratio": 1.5597014925373134, "no_speech_prob": 0.20971828699111938}, {"id": 4, "seek": 0, "start": 22.2, "end": 26.6, "text": " Die Direktkandidatin des 54. Wahlkreises der Bergstra\u00dfe.", "tokens": [3229, 5822, 2320, 74, 48810, 22685, 730, 20793, 13, 27437, 27885, 3598, 1163, 27511, 19639, 11451, 13], "temperature": 0.0, "avg_logprob": -0.26631773932505465, "compression_ratio": 1.5597014925373134, "no_speech_prob": 0.20971828699111938}, {"id": 5, "seek": 2660, "start": 26.6, "end": 31.200000000000003, "text": " Mein Name ist Nierja Nitzga Becker und ich bin Kunstandwerkerin von Beruf.", "tokens": [18382, 13866, 1418, 426, 811, 2938, 426, 6862, 3680, 879, 9178, 674, 1893, 5171, 40099, 474, 1554, 5767, 259, 2957, 36688, 13], "temperature": 0.0, "avg_logprob": -0.3177972861698696, "compression_ratio": 1.5021276595744681, "no_speech_prob": 0.0001007086830213666}, {"id": 6, "seek": 2660, "start": 31.200000000000003, "end": 33.2, "text": " Und ich bin wirklich sehr aufgeregt.", "tokens": [2719, 1893, 5171, 9696, 5499, 2501, 34899, 10463, 13], "temperature": 0.0, "avg_logprob": -0.3177972861698696, "compression_ratio": 1.5021276595744681, "no_speech_prob": 0.0001007086830213666}, {"id": 7, "seek": 2660, "start": 33.2, "end": 35.2, "text": " Das ist mein erster Partei, Tag.", "tokens": [2846, 1418, 10777, 1189, 3120, 4100, 17067, 11, 11204, 13], "temperature": 0.0, "avg_logprob": -0.3177972861698696, "compression_ratio": 1.5021276595744681, "no_speech_prob": 0.0001007086830213666}, {"id": 8, "seek": 2660, "start": 35.2, "end": 37.2, "text": " Dankesch\u00f6n.", "tokens": [14148, 22320, 3239, 13], "temperature": 0.0, "avg_logprob": -0.3177972861698696, "compression_ratio": 1.5021276595744681, "no_speech_prob": 0.0001007086830213666}, {"id": 9, "seek": 2660, "start": 40.400000000000006, "end": 42.8, "text": " Ich bitte euch trotzdem um eure Stimmung.", "tokens": [3141, 23231, 10403, 28325, 1105, 32845, 745, 38412, 13], "temperature": 0.0, "avg_logprob": -0.3177972861698696, "compression_ratio": 1.5021276595744681, "no_speech_prob": 0.0001007086830213666}, {"id": 10, "seek": 2660, "start": 42.8, "end": 45.400000000000006, "text": " Generationengerechtigkeit ist mein Thema.", "tokens": [23898, 1501, 48561, 16626, 1418, 10777, 16306, 13], "temperature": 0.0, "avg_logprob": -0.3177972861698696, "compression_ratio": 1.5021276595744681, "no_speech_prob": 0.0001007086830213666}, {"id": 11, "seek": 2660, "start": 45.400000000000006, "end": 47.8, "text": " An der Kinderbetreuung h\u00e4ngt mein Herz.", "tokens": [1107, 1163, 14193, 10671, 30844, 1063, 276, 29670, 10777, 24749, 13], "temperature": 0.0, "avg_logprob": -0.3177972861698696, "compression_ratio": 1.5021276595744681, "no_speech_prob": 0.0001007086830213666}, {"id": 12, "seek": 2660, "start": 47.8, "end": 52.0, "text": " Und Demokratie von Kindesbeinen an ist meine Triebfehler.", "tokens": [2719, 27802, 414, 2957, 9242, 279, 650, 5636, 364, 1418, 10946, 1765, 414, 65, 33865, 1918, 13], "temperature": 0.0, "avg_logprob": -0.3177972861698696, "compression_ratio": 1.5021276595744681, "no_speech_prob": 0.0001007086830213666}, {"id": 13, "seek": 5200, "start": 52.0, "end": 57.0, "text": " Vielen Dank.", "tokens": [50364, 22502, 14148, 13, 50614], "temperature": 0.0, "avg_logprob": -0.36501296361287433, "compression_ratio": 0.6, "no_speech_prob": 3.938246663892642e-05}], "language": "de", "reminder": "Reminder.", "name": " Mirja Mietzker-Becker", "beginSpeech": "5:06:58", "endSpeech": "5:07:52", "question": null, "beginQuestions": null, "endQuestions": null}