{"text": " Liebe Freundinnen und Freunde, ich bin Gewerkschaftler und Gr\u00fcner. Innerhalb von Werdi bin ich auf Landes- und Bundes\u00e4bene ehrenamtlich aktiv, zu Hause in Bad Schwalbach, bin ich Gr\u00fcner statt verordnender. Lasst mich als \u00dcberzeug der Gr\u00fcner und \u00fcberzeug der Gewerkschaftler eure Gewerkschaftsgr\u00fcne Stimme im Landtag sein. Besten Dank.", "segments": [{"id": 0, "seek": 0, "start": 0.0, "end": 7.76, "text": " Liebe Freundinnen und Freunde, ich bin Gewerkschaftler und Gr\u00fcner. Innerhalb von Werdi bin ich auf", "tokens": [28790, 29685, 11399, 674, 40016, 11, 1893, 5171, 19063, 260, 1694, 7118, 1918, 674, 2606, 3412, 260, 13, 36705, 13209, 2957, 343, 7783, 72, 5171, 1893, 2501], "temperature": 0.0, "avg_logprob": -0.3177459470687374, "compression_ratio": 1.5751295336787565, "no_speech_prob": 0.08929777890443802}, {"id": 1, "seek": 0, "start": 7.76, "end": 14.08, "text": " Landes- und Bundes\u00e4bene ehrenamtlich aktiv, zu Hause in Bad Schwalbach, bin ich Gr\u00fcner statt", "tokens": [22031, 12, 674, 14031, 737, 41605, 7670, 1095, 16887, 1739, 31658, 11, 2164, 26217, 294, 11523, 17576, 304, 32096, 11, 5171, 1893, 2606, 3412, 260, 25675], "temperature": 0.0, "avg_logprob": -0.3177459470687374, "compression_ratio": 1.5751295336787565, "no_speech_prob": 0.08929777890443802}, {"id": 2, "seek": 0, "start": 14.08, "end": 21.92, "text": " verordnender. Lasst mich als \u00dcberzeug der Gr\u00fcner und \u00fcberzeug der Gewerkschaftler eure Gewerkschaftsgr\u00fcne", "tokens": [1306, 765, 77, 3216, 13, 10663, 372, 6031, 3907, 18086, 19303, 1163, 2606, 3412, 260, 674, 4502, 19303, 1163, 19063, 260, 1694, 7118, 1918, 32845, 19063, 260, 1694, 7118, 82, 861, 21148], "temperature": 0.0, "avg_logprob": -0.3177459470687374, "compression_ratio": 1.5751295336787565, "no_speech_prob": 0.08929777890443802}, {"id": 3, "seek": 2192, "start": 21.92, "end": 31.92, "text": " Stimme im Landtag sein. Besten Dank.", "tokens": [50364, 745, 20380, 566, 6607, 25030, 6195, 13, 9752, 268, 14148, 13, 50864], "temperature": 0.0, "avg_logprob": -0.502272469656808, "compression_ratio": 0.8181818181818182, "no_speech_prob": 0.0010320384753867984}], "language": "de", "reminder": "Reminder.", "name": " Bernd Meffert", "beginSpeech": "4:48:08", "endSpeech": "4:48:34", "question": null, "beginQuestions": null, "endQuestions": null}