{"text": " Liebe Freundinnen und Freunde, die \u00e4lteste und st\u00e4rkste Art der Angst ist die Angst vor dem Unbekannten. Die klimaneutrale Welt ist f\u00fcr viele eine Unbekannte und den Weg dort hin den bauen wir gerade erst. Wenn wir ihn gehen, m\u00fcssen wir m\u00f6glichst alle mitnehmen. Und das ist eine soziale Mahmutaufgabe. Hier kommt die Klimakommunikationenspielen. Mein Spezialbegiebiet. Als Politikwissenschaftlerin und Journalistin, die seit mehr als 20 Jahren Wirtschaftskommunikation macht, weiss ich, wir m\u00fcssen viel mehr Chancen und Erfolgsgeschichten der Ver\u00e4nderung in den Mittelpunkt stellen, damit die Menschen mitmachen wollen. Ich bin Bianca Strauss, ich bin direkt Kandidat in dem Wahlkreis 33 und der beste Beweis, dass direkte Kommunikation funktioniert. Wenn euch meine Bewerbung gestern und meine Erfahrung \u00fcberzeugt, vergesst eure Absprachen und Welt aus \u00dcberzeugung. Wir sind die Gr\u00fcnen.", "segments": [{"id": 0, "seek": 0, "start": 0.0, "end": 6.28, "text": " Liebe Freundinnen und Freunde, die \u00e4lteste und st\u00e4rkste Art der Angst ist die Angst vor dem Unbekannten.", "tokens": [28790, 29685, 11399, 674, 40016, 11, 978, 3078, 2282, 8887, 674, 33527, 74, 2941, 5735, 1163, 28622, 1418, 978, 28622, 4245, 1371, 1156, 650, 5225, 14970, 13], "temperature": 0.0, "avg_logprob": -0.29131221771240234, "compression_ratio": 1.5203252032520325, "no_speech_prob": 0.25954845547676086}, {"id": 1, "seek": 0, "start": 6.28, "end": 13.08, "text": " Die klimaneutrale Welt ist f\u00fcr viele eine Unbekannte und den Weg dort hin den bauen wir gerade erst.", "tokens": [3229, 36816, 1929, 43574, 68, 14761, 1418, 2959, 9693, 3018, 1156, 650, 5225, 9358, 674, 1441, 18919, 15775, 14102, 1441, 43787, 1987, 12117, 11301, 13], "temperature": 0.0, "avg_logprob": -0.29131221771240234, "compression_ratio": 1.5203252032520325, "no_speech_prob": 0.25954845547676086}, {"id": 2, "seek": 0, "start": 13.08, "end": 16.48, "text": " Wenn wir ihn gehen, m\u00fcssen wir m\u00f6glichst alle mitnehmen.", "tokens": [7899, 1987, 14534, 13230, 11, 9013, 1987, 44850, 5430, 2194, 14669, 13], "temperature": 0.0, "avg_logprob": -0.29131221771240234, "compression_ratio": 1.5203252032520325, "no_speech_prob": 0.25954845547676086}, {"id": 3, "seek": 0, "start": 16.48, "end": 19.64, "text": " Und das ist eine soziale Mahmutaufgabe.", "tokens": [2719, 1482, 1418, 3018, 31541, 68, 10104, 76, 325, 9507, 70, 4488, 13], "temperature": 0.0, "avg_logprob": -0.29131221771240234, "compression_ratio": 1.5203252032520325, "no_speech_prob": 0.25954845547676086}, {"id": 4, "seek": 0, "start": 19.64, "end": 22.04, "text": " Hier kommt die Klimakommunikationenspielen.", "tokens": [10886, 10047, 978, 25136, 514, 1204, 409, 1035, 399, 694, 79, 12844, 13], "temperature": 0.0, "avg_logprob": -0.29131221771240234, "compression_ratio": 1.5203252032520325, "no_speech_prob": 0.25954845547676086}, {"id": 5, "seek": 0, "start": 22.04, "end": 24.2, "text": " Mein Spezialbegiebiet.", "tokens": [18382, 3550, 17787, 650, 9997, 65, 1684, 13], "temperature": 0.0, "avg_logprob": -0.29131221771240234, "compression_ratio": 1.5203252032520325, "no_speech_prob": 0.25954845547676086}, {"id": 6, "seek": 2420, "start": 24.2, "end": 31.8, "text": " Als Politikwissenschaftlerin und Journalistin, die seit mehr als 20 Jahren Wirtschaftskommunikation macht, weiss ich,", "tokens": [12948, 29847, 86, 26657, 22417, 674, 16936, 468, 259, 11, 978, 16452, 5417, 3907, 945, 13080, 29412, 5161, 1204, 409, 1035, 399, 10857, 11, 321, 891, 1893, 11], "temperature": 0.0, "avg_logprob": -0.1949614928318904, "compression_ratio": 1.5078740157480315, "no_speech_prob": 0.002844053553417325}, {"id": 7, "seek": 2420, "start": 31.8, "end": 38.28, "text": " wir m\u00fcssen viel mehr Chancen und Erfolgsgeschichten der Ver\u00e4nderung in den Mittelpunkt stellen,", "tokens": [1987, 9013, 5891, 5417, 761, 4463, 268, 674, 3300, 7082, 21559, 23378, 24681, 1163, 4281, 16082, 1063, 294, 1441, 18784, 28591, 14797, 24407, 11], "temperature": 0.0, "avg_logprob": -0.1949614928318904, "compression_ratio": 1.5078740157480315, "no_speech_prob": 0.002844053553417325}, {"id": 8, "seek": 2420, "start": 38.28, "end": 41.28, "text": " damit die Menschen mitmachen wollen.", "tokens": [9479, 978, 8397, 2194, 43981, 11253, 13], "temperature": 0.0, "avg_logprob": -0.1949614928318904, "compression_ratio": 1.5078740157480315, "no_speech_prob": 0.002844053553417325}, {"id": 9, "seek": 2420, "start": 41.28, "end": 47.28, "text": " Ich bin Bianca Strauss, ich bin direkt Kandidat in dem Wahlkreis 33 und der beste Beweis,", "tokens": [3141, 5171, 39509, 496, 12875, 2023, 11, 1893, 5171, 20315, 591, 48810, 267, 294, 1371, 27437, 27885, 271, 11816, 674, 1163, 22245, 879, 35033, 11], "temperature": 0.0, "avg_logprob": -0.1949614928318904, "compression_ratio": 1.5078740157480315, "no_speech_prob": 0.002844053553417325}, {"id": 10, "seek": 2420, "start": 47.28, "end": 50.08, "text": " dass direkte Kommunikation funktioniert.", "tokens": [2658, 1264, 18844, 28832, 1035, 399, 26160, 13], "temperature": 0.0, "avg_logprob": -0.1949614928318904, "compression_ratio": 1.5078740157480315, "no_speech_prob": 0.002844053553417325}, {"id": 11, "seek": 5008, "start": 50.08, "end": 57.68, "text": " Wenn euch meine Bewerbung gestern und meine Erfahrung \u00fcberzeugt, vergesst eure Absprachen und Welt aus \u00dcberzeugung.", "tokens": [7899, 10403, 10946, 879, 1554, 36776, 7219, 1248, 674, 10946, 49318, 48598, 83, 11, 1306, 2880, 372, 32845, 5813, 1424, 11646, 674, 14761, 3437, 18086, 19303, 1063, 13], "temperature": 0.0, "avg_logprob": -0.3187285692263872, "compression_ratio": 1.1982758620689655, "no_speech_prob": 0.001206277054734528}, {"id": 12, "seek": 5768, "start": 57.68, "end": 82.68, "text": " Wir sind die Gr\u00fcnen.", "tokens": [50364, 4347, 3290, 978, 38908, 2866, 13, 51614], "temperature": 0.0, "avg_logprob": -0.5249121983846029, "compression_ratio": 0.7241379310344828, "no_speech_prob": 2.812525963236112e-06}], "language": "de", "reminder": "Reminder.", "name": " Bianca Strau\u00df", "beginSpeech": "3:12:30", "endSpeech": "3:13:30", "question": null, "beginQuestions": null, "endQuestions": null, "youtube_id": "fCIko8LckqU", "summary": " \n\nBianca Strauss spricht \u00fcber die Angst vor dem Unbekannten, den Weg in eine klimaneutrale Welt und die Notwendigkeit, alle mitzunehmen. Sie betont auch die Bedeutung von Klimakommunikation und erkl\u00e4rt, dass mehr Chancen und Erfolgsgeschichten der Ver\u00e4nderung gezeigt werden m\u00fcssen, um Menschen zu motivieren.", "buzzword": " \n\nAnswer: [\"Klimaneutrale Welt\", \"Klimakommunikation\", \"Chancen und Erfolgsgeschichten der Ver\u00e4nderung in den Mittelpunkt stellen\", \"Direkte Kommunikation funktioniert\", \"Absprachen und Welt aus \u00dcberzeugung\"]"}